id|user_id|title|due_on|status
13643|534923|Minus vaco terror cultellus alias centum crapula sumptus vae cresco ipsum.|20230313|completed
13601|530778|Vociferor comparo trucido admoneo iure deorsum tempore et deleniti apostolus.|20230310|pending
13599|529909|Quo stella sortitus ut adsum solio dedico tero amplitudo volup.|20230310|pending
13598|529908|Curis consequatur aveho vomito cupiditate ut vero cervus vado causa.|20230310|completed
13641|534915|Uter vivo degero deficio timor articulus aeger modi acsi.|20230304|pending
13611|531624|Nihil arx pel velut curto cum.|20230304|pending
13608|531198|Adstringo ipsum odio eveniet veniam bene talio.|20230304|pending
13642|534922|Trans theatrum odio copiose administratio aestivus defessus consequatur coepi tolero usus.|20230302|completed
13610|531622|Templum cometes cornu xiphias admiratio creo accusantium facilis thymum exercitationem.|20230302|pending
13604|530781|Suasoria desolo est thymbra defungo aspicio placeat tot sono sui turpis.|20230226|completed
